time,icao24,lat,lon,velocity,heading,vertrate,callsign,onground,alert,spi,squawk,baroaltitude,geoaltitude,lastposupdate,lastcontact
1656316810,3571d3,37.6527099609375,-0.8998854616854715,116.30189689988649,264.41549772301306,0.32512,ARP41   ,False,False,False,5170.0,320.04,365.76,1656316809.852,1656316809.852
1656316810,3571d1,37.921417236328125,-0.8254939951794995,147.3143427815228,131.03534527714388,1.30048,ARP41   ,False,False,False,6716.0,3063.24,3253.74,1656316809.584,1656316809.852
1656316820,3571d3,37.65435791015625,-0.911865234375,109.90455243708595,293.4450981853946,0.32512,ARP41   ,False,False,False,2036.0,312.42,365.76,1656316819.538,1656316819.538
1656316820,3571d1,37.91230773925781,-0.8124623400099722,147.17954237862543,131.88301140087984,-1.30048,ARP41   ,False,False,False,4164.0,3070.86,3253.74,1656316819.95,1656316819.997
1656316830,3571d1,37.90357686705509,-0.800330120584249,146.72841145321672,132.5844885351871,0.97536,ARP41   ,False,False,False,2031.0,3070.86,3261.36,1656316829.915,1656316829.954
1656316830,44f668,37.90357686705509,-0.800330120584249,146.72841145321672,132.5844885351871,0.97536,ARP41   ,False,False,False,5432.0,2011.68,3261.36,1656316829.915,1656316829.823
1656316830,3571d3,37.661224365234375,-0.9208062354554158,105.1594508755526,326.7763735629128,-2.60096,ARP41   ,False,False,False,7363.0,289.56,342.9,1656316829.725,1656316829.954
1656316840,3571d3,37.66973876953125,-0.9248968895445272,107.6774427744649,351.48276989169307,-2.60096,ARP41   ,False,False,False,6347.0,289.56,342.9,1656316839.724,1656316839.724
1656316840,3571d1,37.89501125529661,-0.7886272927989353,146.35005048163285,132.72077397857328,-0.32512,ARP41   ,False,False,False,6716.0,3070.86,3261.36,1656316839.452,1656316839.724
1656316850,3571d3,37.679443359375,-0.9244878241356104,107.91681493228792,9.327614510667605,-0.65024,ARP41   ,False,False,False,6347.0,297.18,358.14,1656316849.447,1656316849.447
1656316850,3571d1,37.88557434082031,-0.7765230219414434,145.9253754249469,136.57131062586149,-0.32512,ARP41   ,False,False,False,7744.0,3055.6200000000003,3246.1200000000003,1656316849.707,1656316849.779
1656316860,3571d1,37.87541276317532,-0.7661172618036858,138.488668781445,143.00240023386343,-5.8521600000000005,ARP41   ,False,False,False,4265.0,3025.1400000000003,3215.6400000000003,1656316859.787,1656316859.862
1656316860,06a0a6,37.87541276317532,-0.7661172618036858,138.488668781445,143.00240023386343,-5.8521600000000005,ARP41   ,True,False,False,4265.0,76.2,3215.6400000000003,1656316859.787,1656316855.322
1656316860,3571d3,37.68914794921875,-0.9210984250332216,107.53356371309958,18.694988396803804,-0.97536,ARP41   ,False,False,False,7000.0,297.18,358.14,1656316859.777,1656316859.777
1656316870,3571d3,37.69753666247352,-0.9164627738620652,108.53915023326792,29.8459319496874,1.95072,ARP41   ,False,False,False,6366.0,297.18,350.52,1656316869.303,1656316869.43
1656316870,3571d1,37.865497136520126,-0.757459557574748,132.6996306883408,146.86439045128114,-23.73376,ARP41   ,False,False,False,4543.0,2872.74,3086.1,1656316869.781,1656316869.806
1656316880,3571d3,37.70530700683594,-0.9080667698636944,105.58265977170016,47.36950806425529,2.27584,ARP41   ,False,False,False,352.0,312.42,373.38,1656316879.972,1656316879.972
1656316880,3571d1,37.85502288301112,-0.7495780613111265,137.3170438098699,150.36161631184865,-34.1376,ARP41   ,False,False,False,5321.0,2567.94,2758.44,1656316879.849,1656316879.972
1656316890,3571d1,37.84343137579449,-0.742472773012878,146.9906141311854,156.48544331706344,-38.68928,ARP41   ,False,False,False,3262.0,2194.56,2331.72,1656316889.77,1656316889.877
1656316890,3571d3,37.71075749801377,-0.898908532184123,100.5905759490256,56.47247325646148,1.30048,ARP41   ,False,False,False,6075.0,327.66,388.62,1656316889.698,1656316889.752
1656316900,3571d3,37.71587824417373,-0.8892357867696887,97.849899421932,53.55183023382006,0.0,ARP41   ,False,False,False,6346.0,327.66,388.62,1656316899.915,1656316899.915
1656316900,3571d1,37.830582958156775,-0.7365019425101877,154.3992061983593,162.34987578006988,-37.063680000000005,ARP41   ,False,False,False,7130.0,1798.3200000000002,1943.1,1656316899.881,1656316899.926
1656316910,3571d3,37.72132485599841,-0.8812945822010647,89.21265894483209,47.57073711069054,-0.32512,ARP41   ,False,False,False,4357.0,335.28000000000003,396.24,1656316909.967,1656316909.967
1656316910,3571d1,37.81645202636719,-0.7323439577792215,160.01275967369432,168.6900675259798,-38.68928,ARP41   ,False,False,False,5342.0,1386.84,1539.24,1656316909.975,1656316909.994
1656316920,3571d1,37.802837824417374,-0.729516070822001,165.0154811276901,171.21309649317615,-43.891200000000005,ARP41   ,False,False,False,5065.0,998.22,1082.04,1656316919.513,1656316919.954
1656316920,3571d3,37.72627258300781,-0.8746987200797776,75.32169946827031,46.383686967368504,-1.6256000000000002,ARP41   ,False,False,False,1000.0,327.66,388.62,1656316919.802,1656316919.931
1656316920,4481da,50.8977146471961,4.485969543457031,75.32169946827031,46.383686967368504,-1.6256000000000002,ARP41   ,True,False,False,1000.0,327.66,388.62,1656316831.026,1656316831.026
1656316920,3d14c7,50.8977146471961,4.485969543457031,75.32169946827031,46.383686967368504,-1.6256000000000002,ARP41   ,False,False,False,7000.0,335.28000000000003,388.62,1656316831.026,1656316919.207
1656316930,3571d3,37.730961169226696,-0.8686364215353137,73.84556468297389,45.28224293627086,-5.8521600000000005,ARP41   ,False,False,False,3155.0,289.56,358.14,1656316929.95,1656316929.95
1656316930,3571d1,37.78719627251059,-0.7266500721806892,169.87950419086795,171.99258649368312,-28.93568,ARP41   ,False,False,False,1247.0,640.08,723.9000000000001,1656316929.777,1656316929.95
1656316940,3571d3,37.73565673828125,-0.862602071559138,76.39450096510267,45.54565759341572,-3.90144,ARP41   ,False,False,False,4065.0,251.46,312.42,1656316939.675,1656316939.675
1656316940,3571d1,37.772552490234375,-0.7241042116854715,164.13263059188355,172.07307331731042,-17.55648,ARP41   ,False,False,False,6662.0,434.34,487.68000000000006,1656316939.585,1656316939.84
1656316950,3571d1,37.758613198490465,-0.7216345745584363,155.76783266071857,172.21778927599,-12.02944,ARP41   ,False,False,False,1052.0,312.42,365.76,1656316949.435,1656316949.941
1656316950,3571d3,37.74036472126589,-0.8565156356148123,71.3020126343048,45.58463052070518,-3.90144,ARP41   ,False,False,False,2.0,213.36,274.32,1656316949.942,1656316949.942
1656316950,76cce2,49.008566646252646,-87.77107640316615,270.0336108525516,136.69829915633625,0.0,ARP41   ,False,False,False,2.0,12496.8,274.32,1656316919.466,1656316919.466
1656316960,3571d3,37.74474063162076,-0.8509030549422505,68.7528952772034,45.30314944371413,-2.92608,ARP41   ,False,False,False,767.0,167.64,228.6,1656316959.872,1656316959.872
1656316960,3571d1,37.74441476595604,-0.7194850755774382,151.1169946196892,173.74596725608356,0.0,ARP41   ,False,False,False,1000.0,266.7,320.03999999999996,1656316959.921,1656316959.963
1656316970,3571d3,37.74897688526218,-0.845648724099874,69.11952879731656,45.60309119438053,-4.8768,ARP41   ,False,False,False,2116.0,137.16,198.12,1656316969.624,1656316969.624
1656316970,3571d1,37.73105427370233,-0.7181117845618132,147.20381556117448,178.19758076199673,0.97536,ARP41   ,False,False,False,5305.0,266.7,320.03999999999996,1656316969.861,1656316969.911
1656316980,3571d1,37.71821594238281,-0.7181435442985276,144.55967937788472,180.2038987104668,1.95072,ARP41   ,False,False,False,3204.0,289.56,335.28,1656316979.681,1656316979.761
1656316980,3571d3,37.753509521484375,-0.8396944086601934,72.39782676322874,45.863690044599586,-2.92608,ARP41   ,False,False,False,2352.0,99.06,160.02,1656316979.761,1656316979.761
1656316990,3571d3,37.758087158203125,-0.8337921791888334,70.58576624302053,46.18118891332664,0.32512,ARP41   ,False,False,False,1000.0,83.82000000000001,137.16000000000005,1656316989.752,1656316989.965
1656316990,3571d1,37.70484924316406,-0.7182019822140546,150.73560352223694,180.39109139705704,4.55168,ARP41   ,False,False,False,7357.0,297.18,350.52,1656316989.611,1656316989.752
1656317000,3571d3,37.76252358646716,-0.8281541907268775,68.39203584738259,44.390493423324806,-4.55168,ARP41   ,False,False,False,1000.0,53.34,106.68,1656316999.905,1656316999.905
1656317000,3571d1,37.6906934835143,-0.7169773267663118,156.37828360995505,170.72360178896523,1.6256000000000002,ARP41   ,False,False,False,7000.0,312.42,373.38,1656316999.913,1656316999.995
1656317010,3571d1,37.677337646484375,-0.7128256939827224,155.26496059316872,163.24620569091806,2.60096,ARP41   ,False,False,False,5005.0,327.66,381.0,1656317009.671,1656317009.896
1656317010,3571d3,37.766143798828125,-0.8235071060504993,65.11528062895725,45.32008482378168,-3.90144,ARP41   ,False,False,False,1161.0,15.24,68.58,1656317008.65,1656317008.807
1656317010,3ff52e,37.766143798828125,-0.8235071060504993,65.11528062895725,45.32008482378168,-3.90144,ARP41   ,False,False,False,7000.0,2171.7000000000003,68.58,1656317008.65,1656316997.526
1656317020,3571d3,37.766143798828125,-0.8235071060504993,65.11528062895725,45.32008482378168,-3.90144,ARP41   ,False,False,False,2036.0,15.24,68.58,1656317008.65,1656317008.807
1656317020,3571d1,37.66406560348252,-0.7063492484714402,154.35463367832014,156.4252937980874,0.0,ARP41   ,False,False,False,1542.0,342.90000000000003,388.62,1656317019.753,1656317019.753
1656317030,3571d3,37.77434785487288,-0.8128688646399382,72.02950882507908,45.57872556560777,4.55168,ARP41   ,False,False,False,5427.0,22.86,76.2,1656317029.563,1656317029.73
1656317030,3571d1,37.65200857388771,-0.697930377462626,153.17823864354716,148.17819110701558,1.6256000000000002,ARP41   ,False,False,False,5265.0,350.52000000000004,403.86,1656317029.932,1656317029.932
1656317040,3571d1,37.641082763671875,-0.6881064557014724,151.0057455164766,144.84807014264598,-1.6256000000000002,ARP41   ,False,False,False,1445.0,335.28000000000003,388.62,1656317039.628,1656317039.891
1656317040,3571d3,37.77937316894531,-0.8063263588763334,81.86774598625028,46.27303002005672,5.8521600000000005,ARP41   ,False,False,False,1000.0,68.58,106.68,1656317039.725,1656317039.725
1656317050,3571d3,37.78463589943061,-0.7993150793987525,88.83362029984622,47.34687429248729,8.77824,ARP41   ,False,False,False,536.0,144.78,198.12,1656317049.735,1656317049.928
1656317050,3571d1,37.62858581542969,-0.6861195665724722,139.49782495702556,196.49685800574852,1.95072,ARP41   ,False,False,False,2242.0,358.14000000000004,411.48,1656317049.66,1656317049.777
1656317060,3571d3,37.79026794433594,-0.7915415662400278,91.46837467057328,48.41998309486112,11.3792,ARP41   ,False,False,False,5427.0,236.22,297.18,1656317059.948,1656317059.991
1656317060,3571d1,37.621673583984375,-0.6972812084441102,123.93083022104962,257.29061186374423,2.27584,ARP41   ,False,False,False,5410.0,373.38,426.72,1656317059.767,1656317059.767
1656317070,3571d1,37.62728933560646,-0.7073045813518775,115.98744370349011,337.30194229325247,0.0,ARP41   ,False,False,False,547.0,365.76,426.72,1656317069.544,1656317069.544
1656317070,3571d3,37.79273986816406,-0.782892754737361,84.04509903402958,123.00916502096076,-0.32512,ARP41   ,False,False,False,7020.0,350.52000000000004,411.48,1656317069.758,1656317069.964
1656317080,3571d3,37.78660583496094,-0.7837108855551946,77.27284528582102,233.66413543310804,-12.35456,ARP41   ,False,False,False,5263.0,251.46,327.65999999999997,1656317079.812,1656317079.812
1656317080,3f7879,37.78660583496094,-0.7837108855551946,77.27284528582102,233.66413543310804,-12.35456,ARP41   ,False,False,False,3610.0,9067.8,327.65999999999997,1656317079.812,1656317079.847
1656317080,3571d1,37.6365966796875,-0.7022484312665824,119.48508726507052,50.41552508515491,-3.2512000000000003,ARP41   ,False,False,False,5410.0,358.14000000000004,419.1,1656317079.812,1656317079.812
1656317090,3571d3,37.785003662109375,-0.7920675074800556,76.47759870645521,264.5962086397503,-6.502400000000001,ARP41   ,False,False,False,1551.0,167.64,236.22000000000003,1656317089.63,1656317089.915
1656317090,3571d1,37.63678599212129,-0.6882576320482485,128.666547956232,114.82314037288867,0.0,ARP41   ,False,False,False,5410.0,335.28000000000003,396.24,1656317089.915,1656317089.915
1656317100,3571d1,37.62780141022245,-0.680555260699748,132.6148427263912,170.1722759888369,-2.27584,ARP41   ,False,False,False,10.0,304.8,358.14,1656317099.523,1656317099.85
1656317100,3571d3,37.783751406912074,-0.7999121624490613,70.04944251605845,246.6356555239404,-9.7536,ARP41   ,False,False,False,1414.0,106.68,175.26000000000002,1656317099.523,1656317099.523
1656317110,3571d3,37.7806789592161,-0.8046888268511907,72.4343728669007,227.01459878787057,-11.05408,ARP41   ,False,False,False,2766.0,7.62,68.58,1656317107.063,1656317107.063
1656317110,3571d1,37.61709439552436,-0.6862872579823147,125.58862503673728,222.84204954784244,3.90144,ARP41   ,False,False,False,2047.0,335.28000000000003,388.62,1656317109.859,1656317109.859
1656317120,3571d3,37.775651317531775,-0.8112567404042119,69.11952879731656,225.60309119438057,3.2512000000000003,ARP41   ,False,False,False,3250.0,15.24,53.34,1656317119.293,1656317119.293
1656317120,3571d1,37.611419677734375,-0.6976318359375,120.09044807772202,239.92023751398415,2.92608,ARP41   ,False,False,False,3736.0,388.62,449.58,1656317119.589,1656317119.733
1656317130,3571d1,37.60601496292373,-0.7093346637228137,123.53513349042976,240.01836063115064,-1.95072,ARP41   ,False,False,False,1000.0,365.76,419.1,1656317129.542,1656317129.806
1656317130,3571d3,37.77071678032309,-0.817705237347127,80.05846221615582,226.5622249168424,4.55168,ARP41   ,False,False,False,2461.0,68.58,106.68,1656317129.609,1656317129.609
1656317140,3571d3,37.7649908550715,-0.8257061502208103,97.66309822067616,228.41658819177135,8.128,ARP41   ,False,False,False,5471.0,137.16,182.88,1656317139.934,1656317139.934
1656317140,3571d1,37.60057067871094,-0.7221173225564712,126.30831243262,243.12186024790137,-2.92608,ARP41   ,False,False,False,6423.0,342.90000000000003,411.48,1656317139.668,1656317139.668
1656317150,3571d3,37.759002685546875,-0.8343765583443883,105.46102,229.55028113766383,11.05408,ARP41   ,False,False,False,2651.0,228.6,289.56,1656317149.748,1656317149.822
1656317150,3571d1,37.59554070941472,-0.7352480681046245,127.116603653998,240.94539590092285,3.90144,ARP41   ,False,False,False,2260.0,358.14000000000004,411.48,1656317149.874,1656317149.874
1656317160,3571d1,37.59159851074219,-0.7398240109707217,133.40873025929,197.7362544399385,-14.955520000000002,ARP41   ,False,False,False,4617.0,327.66,388.62,1656317154.515,1656317156.3
1656317160,3571d3,37.75195622848252,-0.8394390603770603,81.95821118167974,155.52628118095535,13.65504,ARP41   ,False,False,False,5602.0,373.38,434.34,1656317159.459,1656317159.959
1656317170,3571d3,37.751495361328125,-0.83221435546875,70.70564450154627,41.46044083145005,-16.256,ARP41   ,False,False,False,4660.0,304.8,365.76,1656317169.927,1656317169.972
1656317170,3571d1,37.58317565917969,-0.739005880152888,138.0398105540282,153.43494882292202,-18.20672,ARP41   ,False,False,False,7620.0,205.74,396.24,1656317161.749,1656317161.749
1656317180,3571d3,37.75749594478284,-0.8293483568274382,72.50740981297457,15.2194648311738,-3.2512000000000003,ARP41   ,False,False,False,6027.0,220.98,274.32000000000005,1656317179.748,1656317179.748
1656317180,3571d1,37.58967590332031,-0.7180851063829436,133.78017059834391,35.76819153063765,0.0,ARP41   ,False,False,False,215.0,175.26000000000002,228.6,1656317179.591,1656317179.721
1656317190,3571d1,37.599609375,-0.7092025432180549,135.58015216800413,34.95639957553638,1.30048,ARP41   ,False,False,False,7000.0,182.88,236.22,1656317189.768,1656317189.768
1656317190,3571d3,37.76326842227225,-0.8265420664911858,65.77846025671674,33.192936578401444,-10.40384,ARP41   ,False,False,False,2250.0,160.02,213.36,1656317189.463,1656317189.901
1656317200,3571d3,37.76792364605402,-0.82122802734375,67.2978487204782,44.69029610004116,-12.02944,ARP41   ,False,False,False,530.0,22.86,83.82000000000001,1656317199.951,1656317199.951
1656317200,3571d1,37.60881042480469,-0.7012549867021107,134.8373327991359,34.11447294534126,0.65024,ARP41   ,False,False,False,2716.0,182.88,236.22,1656317198.93,1656317198.971
1656317210,3571d3,37.76806330276748,-0.8210489024286858,67.2978487204782,44.69029610004116,-12.02944,ARP41   ,False,False,False,7654.0,15.24,83.82000000000001,1656317200.334,1656317200.334
1656317210,3571d1,37.61332366426112,-0.697034752887248,135.3779692847695,38.829824904970394,-0.65024,ARP41   ,False,False,False,2716.0,182.88,228.6,1656317203.461,1656317204.382
1656317220,3571d1,37.62984970868643,-0.6961988366168157,119.41862049527018,320.0680181266052,10.72896,ARP41   ,False,False,False,6423.0,327.66,381.0,1656317219.791,1656317219.885
1656317220,4ca394,53.42300033569336,-6.25002397809709,119.41862049527018,320.0680181266052,10.72896,ARP41   ,True,False,False,6423.0,327.66,381.0,1656317219.258,1656317219.258
1656317220,3571d3,37.775558213056144,-0.8112567404041897,67.32143992781201,46.548157698977974,4.22656,ARP41   ,False,False,False,7000.0,38.1,83.82000000000001,1656317219.626,1656317219.626
1656317230,3571d3,37.78049275026483,-0.8046291185461882,84.0938933760535,47.23117460803125,6.827520000000001,ARP41   ,False,False,False,5260.0,91.44,144.78,1656317229.938,1656317229.938
1656317230,3571d1,37.63710021972656,-0.705988457862361,122.36415793032836,312.2736890060937,1.6256000000000002,ARP41   ,False,False,False,1611.0,388.62,449.58,1656317229.725,1656317229.938
1656317240,3571d3,37.786102294921875,-0.796684102809138,95.9200117384951,49.1320602549526,12.02944,ARP41   ,False,False,False,1000.0,205.74,266.7,1656317239.989,1656317239.989
1656317240,3571d1,37.64511884269068,-0.716380243716003,127.3516486689998,316.30938981941057,-1.95072,ARP41   ,False,False,False,7336.0,373.38,434.34,1656317239.78,1656317239.879
1656317250,3571d1,37.65373100668697,-0.7262321140455015,130.81553291778044,318.3477487831306,2.60096,ARP41   ,False,False,False,6704.0,388.62,449.58,1656317249.853,1656317249.878
1656317250,3571d3,37.791595458984375,-0.788152167137639,104.43339909576132,53.412345290426835,13.0048,ARP41   ,False,False,False,1000.0,320.04,381.0,1656317249.878,1656317249.878
1656317260,3571d3,37.79338073730469,-0.7766983356881383,110.3791123125426,106.23884162969227,7.477760000000001,ARP41   ,False,False,False,1000.0,449.58,510.54,1656317259.766,1656317259.977
1656317260,3571d1,37.662762140823624,-0.7361436926800025,134.199893489916,319.0413558544315,3.2512000000000003,ARP41   ,False,False,False,3331.0,396.24,464.82,1656317259.977,1656317259.977
1656317270,3571d3,37.78623962402344,-0.7676988966921385,117.92331298484616,150.75117366345305,1.30048,ARP41   ,False,False,False,1000.0,472.44,533.4,1656317269.723,1656317269.888
1656317270,3571d1,37.6717529296875,-0.7459599921043605,134.5888152901775,319.18491612511843,2.27584,ARP41   ,False,False,False,7656.0,419.1,480.06,1656317269.723,1656317269.931
1656317280,3571d1,37.680908203125,-0.7559528756648888,134.199893489916,319.0413558544315,2.92608,ARP41   ,False,False,False,1000.0,441.96,495.30000000000007,1656317279.692,1656317279.807
1656317280,3571d3,37.7764892578125,-0.7616213534740268,123.35182855116516,154.82431288093954,-0.32512,ARP41   ,False,False,False,1112.0,480.06,541.02,1656317279.692,1656317279.807
1656317290,3571d3,37.7662353515625,-0.75531005859375,128.1471639869131,153.53781366664606,1.95072,ARP41   ,False,False,False,536.0,487.68,556.26,1656317289.645,1656317289.857
1656317290,3571d1,37.689788818359375,-0.7663548246342771,134.99328162696673,306.47686873771,1.95072,ARP41   ,False,False,False,1460.0,457.2000000000001,518.1600000000001,1656317289.728,1656317289.962
1656317300,3571d3,37.75579833984375,-0.7488234499667215,131.14286524398864,153.93753048964305,-1.6256000000000002,ARP41   ,False,False,False,7713.0,480.06,548.64,1656317299.727,1656317299.896
1656317300,3571d1,37.69153142379502,-0.7818205460258127,140.61647087250472,264.33112202041025,-0.32512,ARP41   ,False,False,False,2714.0,457.2000000000001,525.7800000000001,1656317299.94,1656317299.94
1656317310,3571d1,37.69029235839844,-0.7973853577958607,141.590839966116,264.5794047162376,0.65024,ARP41   ,False,False,False,2515.0,457.2000000000001,518.1600000000001,1656317309.629,1656317309.82
1656317310,3571d3,37.74449157714844,-0.744440606299861,131.98772409916464,183.79921982308235,-1.6256000000000002,ARP41   ,False,False,False,5065.0,472.44,533.4,1656317309.67,1656317309.82
1656317320,3571d3,37.73510431839248,-0.7529217263926853,127.66609638169626,231.051732108794,-0.32512,ARP41   ,False,False,False,5065.0,457.2000000000001,518.1600000000001,1656317319.9,1656317319.9
1656317320,3571d1,37.68915725966631,-0.8130479895550025,141.54316895641534,264.78671759524474,2.60096,ARP41   ,False,False,False,2025.0,464.8200000000001,525.7800000000001,1656317319.562,1656317319.859
1656317330,3571d3,37.72872666181144,-0.7643857209578755,128.84742692697156,235.73889710090543,0.32512,ARP41   ,False,False,False,1071.0,457.2000000000001,518.1600000000001,1656317329.523,1656317329.719
1656317330,3571d1,37.69004175218485,-0.8285721488620652,136.52552881208462,292.6032574761829,-0.97536,ARP41   ,False,False,False,3331.0,472.44,541.02,1656317329.719,1656317329.719
1656317340,3571d1,37.69871520996094,-0.8396359707446663,134.5022667833132,321.99047434305896,0.32512,ARP41   ,False,False,False,2745.0,472.44,533.4,1656317339.636,1656317339.932
1656317340,3571d3,37.721923828125,-0.7770489631814712,134.02130161594158,234.84582236785255,3.5763200000000004,ARP41   ,False,False,False,3314.0,464.8200000000001,525.7800000000001,1656317339.72,1656317339.829
1656317350,3571d3,37.71482849121094,-0.7894378012799166,135.51865017872478,233.95663560791192,2.60096,ARP41   ,False,False,False,4454.0,480.06,548.64,1656317349.709,1656317349.922
1656317350,3571d1,37.7083740234375,-0.848927599318472,134.78530975978325,322.911417234733,0.97536,ARP41   ,False,False,False,615.0,480.06,548.64,1656317349.583,1656317349.922
1656317360,3571d3,37.70749884136652,-0.802300494650126,137.30933435003112,234.76177477504223,0.65024,ARP41   ,False,False,False,7000.0,487.68,548.64,1656317359.933,1656317359.983
1656317360,3571d1,37.71950931872352,-0.8543661366338142,135.09616800811497,6.340191745909909,-0.97536,ARP41   ,False,False,False,7224.0,480.06,541.02,1656317359.983,1656317359.983
1656317370,3571d1,37.73156634831832,-0.8515001379925025,136.2062748276804,10.885527054658738,-0.97536,ARP41   ,False,False,False,3520.0,472.44,533.4,1656317369.911,1656317369.911
1656317370,3571d3,37.7003173828125,-0.8153257978723332,137.69620058869205,235.6568482469213,-0.32512,ARP41   ,False,False,False,4454.0,487.68,548.64,1656317369.999,1656317369.999
1656317380,3571d3,37.69441223144531,-0.8280068255485276,132.69265019743213,247.9098453291681,5.52704,ARP41   ,False,False,False,4712.0,502.92,548.64,1656317379.711,1656317379.711
1656317380,3571d1,37.74315785553495,-0.84869384765625,136.80922204937866,11.05641298024819,-1.95072,ARP41   ,False,False,False,2035.0,464.8200000000001,525.7800000000001,1656317379.529,1656317379.789
1656317390,3571d3,37.699859619140625,-0.8394606569979715,121.8754643488918,315.85509739626673,-0.32512,ARP41   ,False,False,False,3662.0,487.68,548.64,1656317389.723,1656317389.825
1656317390,3571d1,37.75353900456832,-0.8396181852921245,138.27925533165126,46.50743575877497,-2.27584,ARP41   ,False,False,False,7000.0,464.8200000000001,525.7800000000001,1656317389.945,1656317389.945
1656317400,3571d1,37.76197814941406,-0.8284158909574444,138.97607302822053,45.89985971490441,0.0,ARP41   ,False,False,False,3526.0,457.2000000000001,518.1600000000001,1656317399.728,1656317399.886
1656317400,3571d3,37.70842988612288,-0.8492312224014995,128.73132361087923,319.0510109177567,1.30048,ARP41   ,False,False,False,2674.0,495.3,556.26,1656317399.844,1656317399.971
1656317410,3571d3,37.71704205011917,-0.8546049698539377,131.35358199871212,2.918434720781559,-8.45312,ARP41   ,False,False,False,4242.0,518.1600000000001,586.7400000000001,1656317408.368,1656317409.985
1656317410,3571d1,37.7706298828125,-0.8174295628324444,131.3203334108275,44.84128633528153,0.0,ARP41   ,False,False,False,2502.0,464.8200000000001,533.4000000000001,1656317409.835,1656317409.985
1656317420,3571d3,37.73035599013506,-0.8518583878226877,133.88300085803328,11.52581607753068,1.30048,ARP41   ,False,False,False,6416.0,464.8200000000001,525.7800000000001,1656317419.666,1656317419.827
1656317420,3571d1,37.773101806640625,-0.8044563455784441,119.07239520855758,119.22290846459052,1.6256000000000002,ARP41   ,False,False,False,3544.0,480.06,541.02,1656317419.953,1656317419.953
1656317430,3571d1,37.764339123742054,-0.8020616614300025,103.63844341500194,197.62548617392645,0.0,ARP41   ,False,False,False,6751.0,487.68,541.02,1656317429.882,1656317429.882
1656317430,3571d3,37.742459571967686,-0.8488729725713142,130.55327886199058,11.132820891274136,2.92608,ARP41   ,False,False,False,7211.0,480.06,541.02,1656317429.882,1656317429.882
1656317440,3571d3,37.751953125,-0.8413891082114446,131.0287959088024,46.90915243299638,-2.92608,ARP41   ,False,False,False,7264.0,472.44,533.4,1656317439.762,1656317439.978
1656317440,3571d1,37.757720947265625,-0.8083716859208607,88.22377130280569,221.21735455340368,1.95072,ARP41   ,False,False,False,1732.0,487.68,556.26,1656317439.724,1656317439.809
1656317450,3571d3,37.76024252681409,-0.8303036897078755,132.0879425829277,46.42026554639905,3.2512000000000003,ARP41   ,False,False,False,5667.0,464.8200000000001,541.02,1656317449.991,1656317449.991
1656317450,3571d1,37.75214243743379,-0.8147795304008127,78.577005782499,224.46949868332615,-0.65024,ARP41   ,False,False,False,4710.0,480.06,548.64,1656317449.835,1656317449.876
1656317460,3571d1,37.74723815917969,-0.8208773998503602,78.57363764319817,225.0,-3.90144,ARP41   ,False,False,False,732.0,449.58,518.1600000000001,1656317459.678,1656317459.761
1656317460,3571d3,37.76820295948093,-0.819556194802999,126.72458931072724,47.632434868986486,-1.6256000000000002,ARP41   ,False,False,False,3273.0,472.44,541.02,1656317459.935,1656317459.935
1656317470,3571d3,37.772003173828125,-0.8073198034408051,116.6325217835506,101.70643672915334,-4.22656,ARP41   ,False,False,False,3067.0,464.8200000000001,533.4,1656317469.945,1656317469.945
1656317470,3571d1,37.74549865722656,-0.8288249563663612,68.4674522666498,277.33860633623624,-11.70432,ARP41   ,False,False,False,2260.0,358.14000000000004,426.72,1656317469.945,1656317469.945
1656317480,3571d3,37.76452533269333,-0.8002704122791897,106.1812914492131,173.32259782195877,1.6256000000000002,ARP41   ,False,False,False,1035.0,449.58,510.54,1656317479.744,1656317479.951
1656317480,3571d1,37.74967516882945,-0.8339458963145603,68.69898351054611,337.0830973815533,-7.80288,ARP41   ,False,False,False,3210.0,259.08000000000004,312.4200000000001,1656317479.869,1656317479.952
1656317490,3571d1,37.75556945800781,-0.8343765583443883,67.01608102864506,12.862751018958216,-5.52704,ARP41   ,False,False,False,445.0,182.88,236.22,1656317489.792,1656317489.959
1656317490,3571d3,37.75707697464248,-0.8048082434612525,88.07966377372648,226.89338584574625,1.30048,ARP41   ,False,False,False,510.0,472.44,541.02,1656317489.799,1656317489.959
1656317500,3571d3,37.75172424316406,-0.8119948366854715,91.68079134343986,225.90938044919915,2.92608,ARP41   ,False,False,False,20.0,472.44,541.02,1656317499.716,1656317499.951
1656317500,3571d1,37.76066149695445,-0.8306619395380608,64.02709758623016,45.65106038022949,-9.10336,ARP41   ,False,False,False,1337.0,99.06,144.78,1656317499.798,1656317499.951
1656317510,3571d3,37.74632340770657,-0.819078528362752,80.04193179905322,226.04162667600997,2.27584,ARP41   ,False,False,False,1123.0,510.54,579.12,1656317509.915,1656317509.915
1656317510,3571d1,37.764312744140625,-0.8258446226728324,61.477672342820654,45.33902432445145,-4.55168,ARP41   ,False,False,False,5012.0,38.1,83.82,1656317509.354,1656317509.726
1656317520,3571d1,37.76606155654131,-0.8236163595448147,58.56759109124855,45.35586983062187,-4.55168,ARP41   ,False,False,False,7216.0,22.86,68.58,1656317514.043,1656317516.12
1656317520,3571d3,37.74504089355469,-0.8265458776595551,69.48041888237128,287.227488226451,-13.32992,ARP41   ,False,False,False,7667.0,419.1,480.06,1656317519.581,1656317519.886
1656317530,3571d3,37.74920654296875,-0.8319221658909441,67.00620757282299,331.0735741647464,-11.70432,ARP41   ,False,False,False,1343.0,297.18,358.14,1656317529.65,1656317529.92
1656317530,3571d1,37.76606155654131,-0.8236163595448147,58.97063291882698,47.12109639666145,7.152640000000001,ARP41   ,False,False,False,1000.0,22.86,76.2,1656317514.043,1656317528.618
1656317540,3571d3,37.7548828125,-0.8332662379488056,63.74540350295184,6.952957468173915,-10.40384,ARP41   ,False,False,False,7000.0,205.74,251.46,1656317539.649,1656317539.649
1656317540,3571d1,37.775848388671875,-0.8110013921209998,68.39203584738259,44.390493423324806,2.60096,ARP41   ,False,False,False,3315.0,38.1,91.44,1656317539.81,1656317539.81
1656317550,3571d1,37.780585854740465,-0.8048679517663118,84.76469918788874,45.7376731374322,4.8768,ARP41   ,False,False,False,703.0,76.2,129.54000000000002,1656317549.65,1656317549.814
1656317550,3571d3,37.76019597457627,-0.8304231063179373,62.35180127316163,33.558956131232584,-7.477760000000001,ARP41   ,False,False,False,5215.0,106.68,152.4,1656317549.932,1656317549.932
1656317560,3571d3,37.764152914790785,-0.8260046917459363,59.662197930341115,44.30130561701653,-6.1772800000000005,ARP41   ,False,False,False,6560.0,53.34,99.06,1656317559.634,1656317559.634
1656317560,3571d1,37.78651428222656,-0.7970347303025278,97.90803276511616,46.91624437249638,9.10336,ARP41   ,False,False,False,6604.0,152.4,190.5,1656317559.745,1656317559.745
1656317570,3571d3,37.76606155654131,-0.8236163595448147,57.47976532775533,45.72522429905925,-3.2512000000000003,ARP41   ,False,False,False,5427.0,30.48,76.2,1656317564.768,1656317564.768
1656317570,3571d1,37.792877197265625,-0.78826904296875,101.77803572977903,49.30446896050799,17.55648,ARP41   ,False,False,False,7654.0,327.66,381.0,1656317569.963,1656317569.963
1656317580,3571d1,37.79538946636652,-0.7771632982336882,115.7899053977926,104.40668515643688,6.827520000000001,ARP41   ,False,False,False,3143.0,403.86,464.82,1656317579.901,1656317579.928
1656317580,3571d3,37.76606155654131,-0.8236163595448147,57.47976532775533,45.72522429905925,-3.2512000000000003,ARP41   ,False,False,False,246.0,30.48,76.2,1656317564.768,1656317564.768
1656317590,3571d3,37.77481337725106,-0.8123314898946887,62.932714823216074,45.33118578841539,4.8768,ARP41   ,False,False,False,1000.0,38.1,91.44,1656317589.995,1656317589.995
1656317590,3571d1,37.78752213817532,-0.7679085109544985,127.116603653998,150.94539590092288,5.8521600000000005,ARP41   ,False,False,False,7000.0,449.58,510.54,1656317589.951,1656317589.995
1656317590,89642e,24.667465209960938,57.34135945638021,127.116603653998,150.94539590092288,5.8521600000000005,ARP41   ,False,False,False,7000.0,8686.800000000001,510.54,1656317589.602,1656317589.602
1656317600,3571d3,37.779144287109375,-0.8064432347074444,77.90048001192599,47.14090136632311,8.128,ARP41   ,False,False,False,4654.0,91.44,137.16000000000005,1656317599.893,1656317599.893
1656317600,3571d1,37.77699279785156,-0.761095412233999,138.73687708908597,152.86486037792312,-0.32512,ARP41   ,False,False,False,1023.0,464.8200000000001,525.7800000000001,1656317599.649,1656317599.943
1656317610,3571d1,37.765594482421875,-0.7533816073802768,145.5067363762929,151.260204708312,1.95072,ARP41   ,False,False,False,6604.0,472.44,541.02,1656317609.724,1656317609.931
1656317610,3571d3,37.78440856933594,-0.7989047436003602,94.41834468177336,48.755340073200536,9.42848,ARP41   ,False,False,False,740.0,182.88,236.22,1656317609.931,1656317609.931
1656317620,3571d3,37.79008251125529,-0.790418541949748,103.4134811847886,50.44988610453928,11.05408,ARP41   ,False,False,False,1211.0,289.56,350.52,1656317619.604,1656317619.954
1656317620,3571d1,37.75377176575741,-0.745219355044128,146.4097139861268,151.45380926895663,0.0,ARP41   ,False,False,False,6604.0,464.8200000000001,518.1600000000001,1656317619.748,1656317619.992
1656317630,3571d3,37.795166015625,-0.780146172706111,102.45704726703498,87.69789170756337,24.70912,ARP41   ,False,False,False,1771.0,457.2000000000001,502.92,1656317629.605,1656317629.605
1656317630,3571d1,37.741947497351696,-0.7411591903023123,145.4021157979806,190.39550427208536,-1.6256000000000002,ARP41   ,False,False,False,2632.0,464.8200000000001,525.7800000000001,1656317629.711,1656317629.712
1656317640,3571d1,37.7333353333554,-0.7536979343580015,143.1467584805326,237.6235635977026,1.6256000000000002,ARP41   ,False,False,False,5636.0,464.8200000000001,525.7800000000001,1656317639.826,1656317639.826
1656317640,3571d3,37.78857421875,-0.7717311128656661,121.28774212806734,151.91321771027376,-14.305280000000002,ARP41   ,False,False,False,1540.0,518.1600000000001,586.7400000000001,1656317639.74,1656317639.98
1656317650,3571d3,37.778594970703125,-0.7650691904919995,127.97666956942332,151.68364505672778,-3.5763200000000004,ARP41   ,False,False,False,2703.0,426.72,495.3,1656317649.694,1656317649.879
1656317650,3571d1,37.72846984863281,-0.7660041971409441,105.99668893277097,253.94001269283936,55.59552,ARP41   ,False,False,False,4364.0,861.0600000000001,876.3000000000001,1656317649.652,1656317649.652
1656317660,3571d3,37.76862192962129,-0.7579969323199407,129.79188650448768,149.77625657301544,-0.32512,ARP41   ,False,False,False,4655.0,411.48,472.44,1656317659.694,1656317659.907
1656317660,3571d1,37.72975158691406,-0.7776333423370829,111.8143767724606,296.2113780178315,0.65024,ARP41   ,False,False,False,5636.0,1097.28,1188.72,1656317659.694,1656317659.898
1656317670,3571d1,37.73515319824219,-0.7889118600398888,116.9146853147425,301.8717645615279,7.477760000000001,ARP41   ,False,False,False,2632.0,1127.76,1219.2,1656317669.544,1656317669.994
1656317670,3571d3,37.758453369140625,-0.7506350253490268,125.84965868306486,153.01597435665929,1.95072,ARP41   ,False,False,False,1211.0,411.48,472.44,1656317669.629,1656317669.868
1656317680,3571d3,37.747859631554554,-0.747667395550252,127.37035041969854,189.76667939577268,-1.30048,ARP41   ,False,False,False,1211.0,419.1,480.06,1656317679.534,1656317679.63
1656317680,3571d1,37.74031816902807,-0.7994344960088142,100.93857992104768,301.6648936589541,7.477760000000001,ARP41   ,False,False,False,7216.0,1211.5800000000002,1310.64,1656317679.962,1656317679.962
1656317690,3571d3,37.73744201660156,-0.7546672415226112,129.70213711049576,213.18582725939297,1.6256000000000002,ARP41   ,False,False,False,2022.0,411.48,472.44,1656317689.681,1656317689.936
1656317690,3571d1,37.74458312988281,-0.8083132480052768,90.43246592309389,300.796062046486,0.97536,ARP41   ,False,False,False,1000.0,1234.44,1333.5,1656317689.641,1656317689.93
1656317700,3571d1,37.7486572265625,-0.8167867457613056,86.1106112110026,301.31598024775246,-2.92608,ARP41   ,False,False,False,1000.0,1211.5800000000002,1310.64,1656317699.719,1656317699.968
1656317700,3571d3,37.72874450683594,-0.7643679355052768,128.4679049628743,231.3401917459099,1.6256000000000002,ARP41   ,False,False,False,6770.0,434.34,495.3,1656317699.677,1656317699.89
1656317710,3571d3,37.7220696918035,-0.776506506878377,126.8435727015523,236.24548280546287,0.65024,ARP41   ,False,False,False,7647.0,457.2000000000001,525.7800000000001,1656317709.777,1656317709.992
1656317710,3571d1,37.75414418365995,-0.8236163595448147,85.06856934905385,327.84770485871763,-8.77824,ARP41   ,False,False,False,1000.0,1150.62,1249.68,1656317709.818,1656317709.993
1656317720,3571d3,37.71550582627118,-0.7878510848335623,119.07239520855758,231.84277341263095,2.92608,ARP41   ,False,False,False,272.0,518.1600000000001,579.1200000000001,1656317719.862,1656317719.936
1656317720,3571d1,37.7607421875,-0.8261368122506383,86.01066760721375,357.2573886425184,-5.52704,ARP41   ,False,False,False,1000.0,1089.66,1188.72,1656317718.782,1656317719.889
1656317730,3571d1,37.7684326171875,-0.8230980406415824,83.46843991596585,33.690067525979785,-3.5763200000000004,ARP41   ,False,False,False,4741.0,1043.94,1135.38,1656317729.769,1656317729.769
1656317730,3571d3,37.709314378641416,-0.7990165378736265,120.45022677120836,235.08816978339,-4.22656,ARP41   ,False,False,False,7242.0,556.26,624.84,1656317729.9,1656317729.9
1656317740,3571d3,37.70354190115201,-0.8103014075237525,117.38457793068832,241.7502645050257,-7.80288,ARP41   ,False,False,False,3667.0,518.1600000000001,594.36,1656317739.776,1656317739.776
1656317740,3571d1,37.772811631024894,-0.8155557383661858,81.58926142978504,68.93655154786964,-6.502400000000001,ARP41   ,False,False,False,2670.0,990.6,1074.42,1656317739.817,1656317739.817
1656317750,3571d3,37.7016798116393,-0.8218848186990613,99.67078679271089,294.7131768804659,30.23616,ARP41   ,False,False,False,7562.0,662.94,723.9000000000001,1656317749.902,1656317749.902
1656317750,3571d1,37.77076333256091,-0.806898034137248,83.87961698518038,128.27564690689036,-6.502400000000001,ARP41   ,False,False,False,6307.0,922.02,1005.84,1656317749.902,1656317749.947
1656317760,3571d1,37.763687392412606,-0.803972327190877,86.50158254946626,177.6140559696112,-14.955520000000002,ARP41   ,False,False,False,1666.0,822.96,929.64,1656317759.807,1656317759.89
1656317760,3571d3,37.70829022940943,-0.8292289402173765,100.5010825363361,329.8913408641932,14.305280000000002,ARP41   ,False,False,False,7157.0,845.82,914.4,1656317759.931,1656317759.931
1656317770,3571d3,37.71684265136719,-0.8341428066821663,104.31929883809764,337.98871680208066,6.1772800000000005,ARP41   ,False,False,False,2423.0,952.5,1036.32,1656317769.982,1656317769.982
1656317770,3571d1,37.755680407507946,-0.8066592009171245,94.33421783583093,207.2637455600615,-8.77824,ARP41   ,False,False,False,410.0,678.1800000000001,754.3800000000001,1656317769.731,1656317769.921
1656317770,a05628,38.71945138704979,-115.3067626953125,272.7644961608054,74.128821388543,-0.32512,ARP41   ,False,False,False,410.0,11879.58,12512.04,1656317570.958,1656317571.399
1656317780,3571d3,37.72599792480469,-0.8381750228556939,109.9803789865799,340.8870262663267,2.60096,ARP41   ,False,False,False,3056.0,990.6,1082.04,1656317779.986,1656317779.986
1656317780,3571d1,37.74971008300781,-0.8134557845744439,89.33716660413153,228.9692634567195,-4.22656,ARP41   ,False,False,False,2064.0,617.22,693.4200000000001,1656317779.606,1656317779.744
1656317790,3571d1,37.747650146484375,-0.8220461581615268,77.64015026924325,279.15025677801486,-12.02944,ARP41   ,False,False,False,4460.0,518.1600000000001,586.7400000000001,1656317789.667,1656317789.919
1656317790,3571d3,37.735382080078125,-0.8418566115358885,117.73014691705175,350.94927832281627,-0.65024,ARP41   ,False,False,False,2452.0,990.6,1074.42,1656317789.708,1656317789.902
1656317800,3571d3,37.74618375099311,-0.8411706012228137,115.01706968964255,11.61148642388849,-2.92608,ARP41   ,False,False,False,1463.0,967.74,1059.18,1656317799.855,1656317799.855
1656317800,3571d1,37.75181657176907,-0.828691565472127,75.25842754229944,328.7003986653715,-12.67968,ARP41   ,False,False,False,2361.0,388.62,464.82,1656317799.772,1656317799.838
1656317810,3571d3,37.755340576171875,-0.8358375062333607,106.01291689643,33.92140858178192,0.32512,ARP41   ,False,False,False,5745.0,944.88,1028.7,1656317809.993,1656317809.994
1656317810,3571d1,37.75833388506356,-0.8294080651324407,72.65144207438958,12.2647737278924,-12.35456,ARP41   ,False,False,False,7750.0,266.7,327.65999999999997,1656317809.993,1656317809.994
1656317820,3571d1,37.76399230957031,-0.8257277468417215,67.64302850355168,34.77783136636388,-12.02944,ARP41   ,False,False,False,2361.0,137.16,198.12,1656317819.979,1656317819.979
1656317820,3571d3,37.76142883300781,-0.8290002701129993,88.03157550765721,45.0,7.80288,ARP41   ,False,False,False,7113.0,1043.94,1127.76,1656317819.715,1656317819.715
1656317830,3571d3,37.76606155654131,-0.822302776834249,78.12099351567517,49.80795396303048,-7.477760000000001,ARP41   ,False,False,False,3545.0,1051.56,1143.0,1656317829.876,1656317829.925
1656317830,3571d1,37.76834261619438,-0.8205712359884387,69.84702259576298,45.596809451229184,1.6256000000000002,ARP41   ,False,False,False,3745.0,45.72,99.06,1656317829.876,1656317829.876
1656317840,3571d3,37.77067022808527,-0.8151974885360005,76.48624952925383,51.28000712569978,-4.55168,ARP41   ,False,False,False,7000.0,998.22,1089.66,1656317839.933,1656317839.933
1656317840,3571d1,37.772904735500525,-0.8147198220958103,74.93596923379086,45.0,2.60096,ARP41   ,False,False,False,4712.0,91.44,144.78,1656317839.933,1656317839.933
1656317850,3571d1,37.77844445180085,-0.8077339504076235,93.12715316590923,45.447614170860554,8.128,ARP41   ,False,False,False,2361.0,160.02,220.98,1656317849.864,1656317849.864
1656317850,3571d3,37.7733702578787,-0.8074354088824407,77.05162184800453,81.166585348781,-7.80288,ARP41   ,False,False,False,1000.0,937.26,1036.32,1656317849.864,1656317849.864
1656317860,3571d3,37.77169437731727,-0.7987179963485005,83.59517134581448,119.0888514228605,-9.42848,ARP41   ,False,False,False,5026.0,838.2,922.02,1656317859.842,1656317859.97
1656317860,3571d1,37.78477555614407,-0.7997330375339402,103.31234453372394,45.403484735058754,9.7536,ARP41   ,False,False,False,1056.0,266.7,304.8,1656317859.929,1656317859.929
1656317870,3571d3,37.76559603416313,-0.7940010402513735,87.60665639632641,176.63353933657018,-11.70432,ARP41   ,False,False,False,7667.0,739.14,815.34,1656317869.542,1656317869.709
1656317870,3571d1,37.79150390625,-0.7909571870844161,113.532557662724,46.46880071438582,5.8521600000000005,ARP41   ,False,False,False,1456.0,327.66,388.62,1656317869.655,1656317869.843
1656317880,3571d1,37.797065346927965,-0.7791336722995652,125.9390013622487,77.49657810199776,3.90144,ARP41   ,False,False,False,2016.0,396.24,434.34,1656317879.956,1656317879.956
1656317880,39944d,37.797065346927965,-0.7791336722995652,125.9390013622487,77.49657810199776,3.90144,ARP41   ,False,False,False,7142.0,2065.02,434.34,1656317879.956,1656317879.995
1656317880,3571d3,37.75800801939884,-0.7975238302479397,87.67309142847641,215.9285024228228,-7.477760000000001,ARP41   ,False,False,False,5520.0,632.46,708.6600000000001,1656317879.856,1656317879.956
1656317890,3571d3,37.752701064287606,-0.8042111604110005,80.91666110773875,228.60846885256635,-0.65024,ARP41   ,False,False,False,7000.0,617.22,693.4200000000001,1656317889.868,1656317889.942
1656317890,3571d1,37.79096700377384,-0.766893469769002,137.56544224113415,143.51578240435006,2.27584,ARP41   ,False,False,False,7000.0,434.34,487.68,1656317889.91,1656317889.91
1656317900,3571d3,37.74962861659163,-0.8111970320991873,69.4651811128186,251.43086926896217,-5.52704,ARP41   ,False,False,False,7363.0,586.74,662.94,1656317899.669,1656317899.669
1656317900,3571d1,37.78028869628906,-0.7584657060339168,145.22454343480595,148.61854166144107,1.30048,ARP41   ,False,False,False,7030.0,441.96,510.54,1656317899.54,1656317900.0
1656317910,3571d1,37.76898193359375,-0.7498753324467771,146.72119651417574,149.20850927330193,1.6256000000000002,ARP41   ,False,False,False,504.0,472.44,541.02,1656317909.545,1656317909.892
1656317910,3571d3,37.75028034792108,-0.8185411536175025,62.84223525597567,294.676863170337,-12.35456,ARP41   ,False,False,False,1336.0,472.44,541.02,1656317909.798,1656317909.892
1656317920,3571d3,37.75442349708686,-0.8234372346297505,65.06648990293385,326.93815049450484,-13.65504,ARP41   ,False,False,False,2366.0,335.28000000000003,411.48,1656317919.878,1656317919.946
1656317920,4847b5,37.75442349708686,-0.8234372346297505,65.06648990293385,326.93815049450484,-13.65504,ARP41   ,False,False,False,4450.0,701.0400000000001,411.48,1656317919.878,1656317914.149
1656317920,3571d1,37.7574462890625,-0.741752462184138,147.03831892403846,159.09201952899036,1.6256000000000002,ARP41   ,False,False,False,4765.0,472.44,533.4,1656317919.629,1656317919.919
1656317930,3571d3,37.75977700443591,-0.8251687754755608,64.31373057727676,359.0833457436147,-12.02944,ARP41   ,False,False,False,1000.0,213.36,266.70000000000005,1656317929.658,1656317929.944
1656317930,3571d1,37.745345810712394,-0.7446819802989353,143.29274084505266,215.05942696688695,-1.30048,ARP41   ,False,False,False,1231.0,464.8200000000001,525.7800000000001,1656317929.535,1656317929.658
1656317940,3571d1,37.737213134765625,-0.7574138235538612,140.85717217698496,233.46491683091836,0.65024,ARP41   ,False,False,False,1056.0,464.8200000000001,533.4000000000001,1656317939.92,1656317939.92
1656317940,3571d3,37.76508395954714,-0.8237954844599358,61.94939689053588,24.010799063899604,-11.3792,ARP41   ,False,False,False,5260.0,114.3,182.88,1656317939.099,1656317939.099
1656317940,0a0052,35.646631273172666,4.005977549451463,154.67920443424495,145.5699912208271,-0.32512,ARP41   ,False,False,False,5260.0,7612.38,8130.54,1656317828.524,1656317907.817
1656317940,48425e,52.313838958740234,4.766101837158203,154.67920443424495,145.5699912208271,-0.32512,ARP41   ,True,False,False,5260.0,7612.38,8130.54,1656317877.4,1656317877.4
1656317950,3571d3,37.769785735566735,-0.8188396951426853,70.21548139957842,45.89053625336058,-0.97536,ARP41   ,False,False,False,1540.0,38.1,91.44,1656317949.813,1656317949.861
1656317950,3571d1,37.729705810546875,-0.7703286028922776,141.27085602892677,233.58912645506945,-0.65024,ARP41   ,False,False,False,2704.0,464.8200000000001,525.7800000000001,1656317949.566,1656317949.861
1656317960,3571d3,37.77434785487288,-0.8127494480298765,70.95784853920249,46.46880071438582,7.152640000000001,ARP41   ,False,False,False,3155.0,99.06,152.4,1656317959.856,1656317959.856
1656317960,3571d1,37.721466064453125,-0.7834186959773888,141.9660393165314,231.1780649021283,-0.32512,ARP41   ,False,False,False,1154.0,464.8200000000001,525.7800000000001,1656317959.969,1656317959.969
1656317970,3571d1,37.71359718452066,-0.7956131644870652,141.41971054693326,230.4612913446102,2.60096,ARP41   ,False,False,False,1000.0,472.44,533.4,1656317969.831,1656317969.956
1656317970,3571d3,37.77891540527344,-0.8066769863696663,78.23101717841844,46.332219853869645,8.45312,ARP41   ,False,False,False,5406.0,182.88,236.22,1656317969.841,1656317969.956
1656317980,3571d3,37.78413391113281,-0.7997813123337778,88.43201082379426,46.650039395577885,10.72896,ARP41   ,False,False,False,2654.0,281.94,342.9,1656317979.812,1656317979.812
1656317980,3571d1,37.70540399066472,-0.8078533670176853,140.957656,230.03378695620003,-0.65024,ARP41   ,False,False,False,1000.0,472.44,533.4,1656317979.922,1656317979.922
1656317990,3571d3,37.789581298828125,-0.7916000041555549,97.18635542726513,60.85702201802826,14.305280000000002,ARP41   ,False,False,False,7000.0,411.48,472.44,1656317989.874,1656317989.922
1656317990,3571d1,37.69743347167969,-0.8197670794547776,139.8389005757336,229.92454970011897,0.32512,ARP41   ,False,False,False,2030.0,464.8200000000001,525.7800000000001,1656317989.746,1656317989.922
1656318000,3571d1,37.689422607421875,-0.8317468521442493,136.60982686525216,230.1944289077348,-0.65024,ARP41   ,False,False,False,112.0,464.8200000000001,525.7800000000001,1656317999.677,1656317999.938
1656318000,3571d3,37.78910491426112,-0.7806860882303113,106.61037384267377,114.2151389860315,0.0,ARP41   ,False,False,False,1457.0,502.92,563.88,1656317999.533,1656317999.79
1656318010,3571d3,37.780975341796875,-0.7718479886967771,125.86542964643216,147.34919770340446,-1.95072,ARP41   ,False,False,False,6335.0,464.8200000000001,525.7800000000001,1656318009.671,1656318009.714
1656318010,3571d1,37.682281494140625,-0.8435513110870829,126.79244439976036,239.79376356502064,-9.10336,ARP41   ,False,False,False,1000.0,411.48,472.44,1656318009.712,1656318009.93
1656318010,4bb02a,37.682281494140625,-0.8435513110870829,233.03347887733665,137.50509286724142,0.0,ARP41   ,False,False,False,1000.0,411.48,472.44,1656318009.712,1656318003.951
1656318020,3571d3,37.77090298927436,-0.764146887737752,138.9132167967552,150.49198552800803,0.97536,ARP41   ,False,False,False,1752.0,464.8200000000001,533.4000000000001,1656318019.559,1656318019.657
1656318020,4a0c21,45.92362976074219,21.009610804115855,82.94203061030748,314.497418333279,-0.32512,ARP41   ,False,False,False,4140.0,876.3000000000001,998.22,1656318019.181,1656318019.181
1656318020,3571d1,37.67948913574219,-0.8568751558344161,120.02431654360666,267.0517492780673,-5.8521600000000005,ARP41   ,False,False,False,6337.0,327.66,388.62,1656318019.642,1656318019.938
1656318030,3571d1,37.68268649860964,-0.8685767132303113,107.59753371501746,302.70230712634,0.65024,ARP41   ,False,False,False,1142.0,304.8,365.76,1656318029.641,1656318029.982
1656318030,3571d3,37.758939064155186,-0.7560265582540637,148.4329187733368,152.10272896905238,-1.95072,ARP41   ,False,False,False,1123.0,464.8200000000001,525.7800000000001,1656318029.781,1656318029.988
1656318040,3571d3,37.74650961665784,-0.7553697668987525,152.89981899059822,208.97970769792877,-3.90144,ARP41   ,False,False,False,2172.0,449.58,510.54,1656318039.509,1656318039.911
1656318040,3571d1,37.68897105071504,-0.8774135423743132,96.07852884106669,313.2642954110716,0.65024,ARP41   ,False,False,False,4303.0,312.42,373.38,1656318039.841,1656318039.911
1656318050,3571d3,37.7362060546875,-0.7677573346077224,157.36017045335788,229.9066333565493,-3.5763200000000004,ARP41   ,False,False,False,1000.0,419.1,472.44000000000005,1656318049.69,1656318049.977
1656318050,3571d1,37.694732666015625,-0.8843994140625,86.88165679944755,319.8034857590691,0.65024,ARP41   ,False,False,False,4741.0,312.42,373.38,1656318049.977,1656318049.978
1656318060,3571d1,37.7008884235964,-0.890489661175252,85.47359725259773,325.5447588750068,2.60096,ARP41   ,False,False,False,1000.0,320.04,388.62,1656318059.845,1656318059.902
1656318060,3571d3,37.72718811035156,-0.7817824343417215,159.48261841261703,231.02268689790145,2.92608,ARP41   ,False,False,False,4250.0,441.96,502.92,1656318059.593,1656318059.64
1656318070,3571d3,37.717833438162074,-0.7961505392323147,161.25419303230353,230.8263420295558,2.60096,ARP41   ,False,False,False,1000.0,449.58,518.1600000000001,1656318069.771,1656318069.845
1656318070,3571d1,37.706893662274894,-0.893415368121623,78.71161317158835,0.3744768867228256,0.32512,ARP41   ,False,False,False,6246.0,342.90000000000003,403.86,1656318068.64,1656318069.854
1656318080,3571d3,37.70866264731197,-0.8103611158288118,161.65333464203155,230.94151979375275,1.6256000000000002,ARP41   ,False,False,False,1000.0,480.06,548.64,1656318079.76,1656318079.76
1656318080,3571d1,37.714141845703125,-0.8905938331116658,77.33789122075672,33.055822811553675,0.0,ARP41   ,False,False,False,5305.0,335.28000000000003,403.86,1656318079.827,1656318079.925
1656318090,3571d1,37.71913690082097,-0.8843994140625,76.09772781183953,47.46575899499776,1.30048,ARP41   ,False,False,False,7000.0,342.90000000000003,396.24,1656318089.983,1656318089.993
1656318090,3571d3,37.699951171875,-0.8245005506150278,160.09047631114802,236.0035408517495,6.1772800000000005,ARP41   ,False,False,False,7151.0,518.1600000000001,571.5000000000001,1656318089.836,1656318089.836
1656318100,3571d3,37.703448796676376,-0.839976435122253,151.35498530941146,313.89829388479365,-0.97536,ARP41   ,False,False,False,6560.0,518.1600000000001,586.7400000000001,1656318099.911,1656318099.938
1656318100,3571d1,37.723699020127114,-0.8783688752547505,76.77635058236442,46.35746584453061,0.97536,ARP41   ,False,False,False,1155.0,350.52000000000004,419.1,1656318099.784,1656318099.993
1656318110,3571d3,37.71303855766684,-0.850067138671875,138.32422466309143,349.06618321424423,2.92608,ARP41   ,False,False,False,2651.0,556.26,617.22,1656318109.445,1656318109.865
1656318110,3571d1,37.728819766287074,-0.871741253396749,79.67241247650884,45.78482460299189,-4.22656,ARP41   ,False,False,False,3702.0,320.04,388.62,1656318109.906,1656318109.906
1656318120,3571d1,37.733893960209215,-0.86517333984375,80.75951580109668,45.51616422976484,-3.90144,ARP41   ,False,False,False,1476.0,274.32,335.28,1656318119.887,1656318119.97
1656318120,702080,37.733893960209215,-0.86517333984375,80.75951580109668,45.51616422976484,-3.90144,ARP41   ,False,False,False,4112.0,2141.2200000000003,335.28,1656318119.887,1656318119.789
1656318120,3571d3,37.725840423066735,-0.8490520974864353,136.7966474500652,4.745747943802282,-5.52704,ARP41   ,False,False,False,1000.0,510.54,571.5,1656318119.887,1656318119.887
1656318130,3571d3,37.73813021385063,-0.847619098165751,137.65294870888235,6.221958774002507,-0.97536,ARP41   ,False,False,False,4141.0,502.92,571.5,1656318129.918,1656318129.918
1656318130,3571d1,37.7388284974179,-0.8587248429008127,82.22418174666292,46.01397872278531,-3.90144,ARP41   ,False,False,False,1000.0,236.22,304.8,1656318129.53,1656318129.53
1656318140,3571d3,37.74971008300781,-0.8422072390292215,142.98952240122637,32.66091272167381,-3.5763200000000004,ARP41   ,False,False,False,1000.0,495.3,556.26,1656318139.961,1656318139.961
1656318140,40461e,37.74971008300781,-0.8422072390292215,142.98952240122637,32.66091272167381,-3.5763200000000004,ARP41   ,False,False,False,3660.0,365.76,556.26,1656318139.961,1656317929.029
1656318140,3571d1,37.74418200476695,-0.851738971212626,81.85481422516402,45.763898460929994,-5.20192,ARP41   ,False,False,False,3211.0,190.5,259.08,1656318139.961,1656318139.961
1656318150,3571d1,37.74925231933594,-0.8452460106382773,82.21452516516435,45.507029060914775,-5.8521600000000005,ARP41   ,False,False,False,1000.0,152.4,213.36,1656318149.951,1656318149.951
1656318150,3571d3,37.75941467285156,-0.8311040350731105,148.4240036155899,45.56170533256655,-1.95072,ARP41   ,False,False,False,1000.0,464.8200000000001,525.7800000000001,1656318149.686,1656318149.939
1656318160,3571d3,37.7689012430482,-0.8182426120923765,154.06288016281584,47.84213788365567,-1.30048,ARP41   ,False,False,False,1000.0,441.96,502.92,1656318159.893,1656318159.893
1656318160,3571d1,37.75433039261123,-0.8387225607166897,81.85481422516402,45.763898460929994,-3.2512000000000003,ARP41   ,False,False,False,1000.0,106.68,160.02,1656318159.451,1656318159.851
1656318170,3571d3,37.770538330078125,-0.8039304043384163,129.85304370765425,124.5085229876684,-5.20192,ARP41   ,False,False,False,4543.0,441.96,495.30000000000007,1656318169.708,1656318169.917
1656318170,3571d1,37.75959777832031,-0.8319806038064712,81.84834757843049,45.254646232272854,-3.5763200000000004,ARP41   ,False,False,False,7733.0,60.96,114.3,1656318169.708,1656318169.708
1656318180,3571d1,37.76494430283368,-0.8249896505604397,92.77837443417728,46.12330271407543,-0.65024,ARP41   ,False,False,False,3462.0,60.96,114.3,1656318179.614,1656318179.679
1656318180,3571d3,37.76094081038136,-0.8013451617696887,106.72946389480138,202.98101264998064,-0.97536,ARP41   ,False,False,False,2452.0,441.96,502.92,1656318179.745,1656318179.994
1656318190,3571d3,37.754425048828125,-0.8087807513297776,97.85936534275174,225.63895989899163,0.97536,ARP41   ,False,False,False,447.0,457.2000000000001,518.1600000000001,1656318189.746,1656318189.891
1656318190,3571d1,37.77168273925781,-0.8162023666056939,113.14610744164258,45.92107465855061,0.97536,ARP41   ,False,False,False,2723.0,60.96,106.68,1656318189.891,1656318189.891
1656318200,3571d3,37.74865101959745,-0.8163916546365613,85.14941824704299,226.4688007143858,4.8768,ARP41   ,False,False,False,5421.0,487.68,556.26,1656318199.888,1656318199.937
1656318200,3571d1,37.77942204879502,-0.8061815344768775,125.14425269165154,45.66619997018314,1.6256000000000002,ARP41   ,False,False,False,7431.0,68.58,129.54000000000002,1656318199.937,1656318199.937
1656318210,3571d1,37.77964782714844,-0.7979112990358885,90.96353362714666,140.27740608290722,33.48736,ARP41   ,False,False,False,6053.0,533.4,571.5000000000001,1656318209.672,1656318209.672
1656318210,3571d3,37.74467468261719,-0.8229227268949444,66.77871517887716,248.77234881136468,6.827520000000001,ARP41   ,False,False,False,1000.0,533.4,601.98,1656318209.713,1656318209.872
1656318220,3571d3,37.74636995994438,-0.8298857315726877,69.1310145805621,313.79395122078006,-15.93088,ARP41   ,False,False,False,7242.0,441.96,510.54,1656318219.872,1656318219.872
1656318220,3571d1,37.77192713850635,-0.7971655804178113,87.37979372013646,190.5160463845448,-3.90144,ARP41   ,False,False,False,7312.0,556.26,624.84,1656318219.541,1656318219.79
1656318220,3d2233,37.77192713850635,-0.7971655804178113,87.37979372013646,190.5160463845448,-3.90144,ARP41   ,False,False,False,7602.0,6492.240000000001,624.84,1656318219.541,1656318219.961
1656318220,c03319,49.86543273925781,-119.4896175986842,134.40483309600546,259.6363081775529,15.60576,ARP41   ,False,False,False,7602.0,3032.76,3192.78,1656318219.677,1656318219.895
1656318230,3571d3,37.7519096762447,-0.832990563434123,66.93705260371478,352.4926533330503,-12.35456,ARP41   ,False,False,False,2374.0,297.18,358.14,1656318229.882,1656318229.882
1656318230,3571d1,37.764385675979874,-0.8000912873641255,81.70757139081259,200.26049113025184,-1.30048,ARP41   ,False,False,False,7040.0,533.4,601.98,1656318229.841,1656318229.92
1656318240,3571d1,37.75763560149629,-0.8045097019361265,86.75057441948898,213.87853980510965,-1.30048,ARP41   ,False,False,False,7602.0,510.54,586.74,1656318239.747,1656318239.788
1656318240,3571d3,37.757720947265625,-0.8318052900598332,61.84036295992448,16.927513064147043,-9.42848,ARP41   ,False,False,False,7242.0,190.5,251.46,1656318239.999,1656318239.999
1656318250,3571d3,37.76197814941406,-0.8284743288729715,61.220997491253215,41.59355624500528,-9.7536,ARP41   ,False,False,False,1177.0,121.92,167.64,1656318249.357,1656318249.556
1656318250,3571d1,37.752044677734375,-0.810475450880972,80.43278883160475,223.18580809097008,-1.30048,ARP41   ,False,False,False,4276.0,510.54,586.74,1656318249.559,1656318249.677
1656318260,3571d3,37.76610810877913,-0.8235566512398123,61.844642421744766,44.32596310201549,-7.152640000000001,ARP41   ,False,False,False,535.0,30.48,83.82000000000001,1656318259.64,1656318259.64
1656318260,3571d1,37.74748721365201,-0.8165707795516255,76.49316948308407,235.13425128739567,-3.2512000000000003,ARP41   ,False,False,False,4276.0,472.44,533.4,1656318259.069,1656318259.898
1656318270,3571d1,37.74627685546875,-0.8250264918550556,72.54390071101334,281.86773189756605,-8.45312,ARP41   ,False,False,False,2030.0,365.76,441.96,1656318269.938,1656318269.938
1656318270,3571d3,37.766326904296875,-0.8232733543882773,61.477672342820654,45.33902432445145,-7.80288,ARP41   ,False,False,False,1000.0,22.86,76.2,1656318260.152,1656318260.152
1656318280,3571d3,37.766326904296875,-0.8232733543882773,61.477672342820654,45.33902432445145,-7.80288,ARP41   ,False,False,False,4366.0,22.86,76.2,1656318260.152,1656318260.152
1656318280,3571d1,37.75053405761719,-0.8306949696641936,70.4036866299496,333.99665415548856,-9.42848,ARP41   ,False,False,False,5276.0,274.32,327.65999999999997,1656318279.818,1656318279.928
1656318290,3571d3,37.766326904296875,-0.8232733543882773,61.477672342820654,45.33902432445145,-7.80288,ARP41   ,False,False,False,7034.0,22.86,76.2,1656318260.152,1656318260.152
1656318290,3571d1,37.75651834778866,-0.831736689028503,68.14198689641447,4.763641690726177,-8.45312,ARP41   ,False,False,False,2312.0,198.12,251.46,1656318289.608,1656318289.818
1656318300,3571d1,37.76201151185116,-0.8286318571671245,62.90958127423631,39.025676713519374,-9.42848,ARP41   ,False,False,False,4232.0,114.3,167.64,1656318299.978,1656318299.978
1656318300,3571d3,37.766326904296875,-0.8232733543882773,61.477672342820654,45.33902432445145,-7.80288,ARP41   ,False,False,False,1000.0,22.86,76.2,1656318260.152,1656318260.152
1656318310,3571d3,37.766326904296875,-0.8232733543882773,61.477672342820654,45.33902432445145,-7.80288,ARP41   ,False,False,False,2452.0,22.86,76.2,1656318260.152,1656318260.152
1656318310,3571d1,37.76606155654131,-0.823676067849874,62.95794172755231,46.6554865391193,-6.1772800000000005,ARP41   ,False,False,False,1024.0,30.48,91.44,1656318309.92,1656318309.92
1656318320,3571d3,37.766326904296875,-0.8232733543882773,61.477672342820654,45.33902432445145,-7.80288,ARP41   ,False,False,False,2001.0,22.86,76.2,1656318260.152,1656318260.152
1656318320,3eaf7e,37.766326904296875,-0.8232733543882773,61.477672342820654,45.33902432445145,-7.80288,ARP41   ,False,False,False,715.0,8176.26,76.2,1656318260.152,1656318319.971
1656318320,3571d1,37.766992601297666,-0.8224221934443108,61.477672342820654,45.33902432445145,-4.22656,ARP41   ,False,False,False,5665.0,22.86,68.58,1656318312.438,1656318313.141
1656318330,3571d1,37.766992601297666,-0.8224221934443108,61.477672342820654,45.33902432445145,-4.22656,ARP41   ,False,False,False,2361.0,22.86,68.58,1656318312.438,1656318313.141
1656318330,3571d3,37.766326904296875,-0.8232733543882773,61.477672342820654,45.33902432445145,-7.80288,ARP41   ,False,False,False,2036.0,22.86,76.2,1656318260.152,1656318260.152
1656318340,3571d3,37.766326904296875,-0.8232733543882773,61.477672342820654,45.33902432445145,-7.80288,ARP41   ,False,False,False,4741.0,22.86,76.2,1656318260.152,1656318260.152
1656318340,3571d1,37.766992601297666,-0.8224221934443108,61.477672342820654,45.33902432445145,-4.22656,ARP41   ,False,False,False,5665.0,22.86,68.58,1656318312.438,1656318313.141
1656318350,3571d3,37.766326904296875,-0.8232733543882773,61.477672342820654,45.33902432445145,-7.80288,ARP41   ,False,False,False,7305.0,22.86,76.2,1656318260.152,1656318260.152
1656318350,3571d1,37.766992601297666,-0.8224221934443108,61.477672342820654,45.33902432445145,-4.22656,ARP41   ,False,False,False,1000.0,22.86,68.58,1656318312.438,1656318313.141
1656318360,3571d1,37.766992601297666,-0.8224221934443108,61.477672342820654,45.33902432445145,-4.22656,ARP41   ,False,False,False,2254.0,22.86,68.58,1656318312.438,1656318313.141
1656318360,3571d3,37.766326904296875,-0.8232733543882773,61.477672342820654,45.33902432445145,-7.80288,ARP41   ,False,False,False,4611.0,22.86,76.2,1656318260.152,1656318260.152
1656318370,3571d3,37.766326904296875,-0.8232733543882773,61.477672342820654,45.33902432445145,-7.80288,ARP41   ,False,False,False,2703.0,22.86,76.2,1656318260.152,1656318260.152
1656318370,48459d,37.766326904296875,-0.8232733543882773,61.477672342820654,45.33902432445145,-7.80288,ARP41   ,False,False,False,7000.0,-30.48,76.2,1656318260.152,1656318369.832
1656318370,3571d1,37.766992601297666,-0.8224221934443108,61.477672342820654,45.33902432445145,-4.22656,ARP41   ,False,False,False,2361.0,22.86,68.58,1656318312.438,1656318313.141
1656318380,3571d3,37.766326904296875,-0.8232733543882773,61.477672342820654,45.33902432445145,-7.80288,ARP41   ,False,False,False,4611.0,22.86,76.2,1656318260.152,1656318260.152
1656318380,3571d1,37.766992601297666,-0.8224221934443108,61.477672342820654,45.33902432445145,-4.22656,ARP41   ,False,False,False,7000.0,22.86,68.58,1656318312.438,1656318313.141
1656318390,3571d1,37.766992601297666,-0.8224221934443108,61.477672342820654,45.33902432445145,-4.22656,ARP41   ,False,False,False,5527.0,22.86,68.58,1656318312.438,1656318313.141
1656318390,3571d3,37.766326904296875,-0.8232733543882773,61.477672342820654,45.33902432445145,-7.80288,ARP41   ,False,False,False,2031.0,22.86,76.2,1656318260.152,1656318260.152
1656318400,3571d3,37.766326904296875,-0.8232733543882773,61.477672342820654,45.33902432445145,-7.80288,ARP41   ,False,False,False,5421.0,22.86,76.2,1656318260.152,1656318260.152
1656318400,3571d1,37.766992601297666,-0.8224221934443108,61.477672342820654,45.33902432445145,-4.22656,ARP41   ,False,False,False,1445.0,22.86,68.58,1656318312.438,1656318313.141
1656318410,3571d3,37.766326904296875,-0.8232733543882773,61.477672342820654,45.33902432445145,-7.80288,ARP41   ,False,False,False,7637.0,22.86,76.2,1656318260.152,1656318260.152
1656318410,3571d1,37.78215408325195,-0.803419072577294,61.477672342820654,45.33902432445145,-4.22656,ARP41   ,True,False,False,3544.0,13716.0,14196.06,1656318408.719,1656318408.719
1656318410,48a453,37.78215408325195,-0.803419072577294,61.477672342820654,45.33902432445145,-4.22656,ARP41   ,False,False,False,7404.0,1036.3200000000002,14196.06,1656318408.719,1656318409.657
1656318420,3571d1,37.78215408325195,-0.803419072577294,61.477672342820654,45.33902432445145,-4.22656,ARP41   ,True,False,False,6005.0,8168.64,11635.74,1656318408.719,1656318408.719
1656318420,48a453,37.78215408325195,-0.803419072577294,61.477672342820654,45.33902432445145,-4.22656,ARP41   ,False,False,False,7404.0,1066.8,11635.74,1656318408.719,1656318419.958
1656318420,3571d3,37.766326904296875,-0.8232733543882773,61.477672342820654,45.33902432445145,-7.80288,ARP41   ,False,False,False,4775.0,22.86,76.2,1656318260.152,1656318260.152
1656318430,3571d3,37.766326904296875,-0.8232733543882773,61.477672342820654,45.33902432445145,-7.80288,ARP41   ,False,False,False,7664.0,22.86,76.2,1656318260.152,1656318260.152
1656318430,3571d1,37.78215408325195,-0.803419072577294,61.477672342820654,45.33902432445145,-4.22656,ARP41   ,True,False,False,3576.0,12192.0,12588.24,1656318408.719,1656318408.719
1656318440,3571d3,37.766326904296875,-0.8232733543882773,61.477672342820654,45.33902432445145,-7.80288,ARP41   ,False,False,False,7126.0,22.86,76.2,1656318260.152,1656318260.152
1656318440,3571d1,37.78215408325195,-0.803419072577294,61.477672342820654,45.33902432445145,-4.22656,ARP41   ,True,False,False,1000.0,6324.6,6583.68,1656318408.719,1656318408.719
1656318440,a70326,39.54987348136255,2.7389068603515625,61.477672342820654,45.33902432445145,-4.22656,ARP41   ,True,False,False,1000.0,6324.6,6583.68,1656318304.191,1656318304.191
1656318450,3571d1,37.78215408325195,-0.803419072577294,61.477672342820654,45.33902432445145,-4.22656,ARP41   ,True,False,False,2057.0,10972.8,11430.000000000002,1656318408.719,1656318408.719
1656318450,3571d3,37.766326904296875,-0.8232733543882773,61.477672342820654,45.33902432445145,-7.80288,ARP41   ,False,False,False,7637.0,22.86,76.2,1656318260.152,1656318260.152
1656318460,3571d3,37.766326904296875,-0.8232733543882773,61.477672342820654,45.33902432445145,-7.80288,ARP41   ,False,False,False,1446.0,22.86,76.2,1656318260.152,1656318260.152
1656318460,3571d1,37.78215408325195,-0.803419072577294,61.477672342820654,45.33902432445145,-4.22656,ARP41   ,True,False,False,2325.0,9563.1,9951.72,1656318408.719,1656318408.719
1656318470,3571d3,37.766326904296875,-0.8232733543882773,61.477672342820654,45.33902432445145,-7.80288,ARP41   ,False,False,False,7065.0,22.86,76.2,1656318260.152,1656318260.152
1656318470,3571d1,37.78215408325195,-0.803419072577294,61.477672342820654,45.33902432445145,-4.22656,ARP41   ,True,False,False,6053.0,11277.6,11582.4,1656318408.719,1656318408.719
1656318480,3571d1,37.78215408325195,-0.803419072577294,61.477672342820654,45.33902432445145,-4.22656,ARP41   ,True,False,False,1000.0,11269.98,11658.600000000002,1656318408.719,1656318408.719
1656318480,3571d3,37.766326904296875,-0.8232733543882773,61.477672342820654,45.33902432445145,-7.80288,ARP41   ,False,False,False,5421.0,22.86,76.2,1656318260.152,1656318260.152
1656318490,3571d3,37.766326904296875,-0.8232733543882773,61.477672342820654,45.33902432445145,-7.80288,ARP41   ,False,False,False,4017.0,22.86,76.2,1656318260.152,1656318260.152
1656318490,3571d1,37.78215408325195,-0.803419072577294,61.477672342820654,45.33902432445145,-4.22656,ARP41   ,True,False,False,257.0,3185.1600000000003,3314.7000000000003,1656318408.719,1656318408.719
1656318500,3571d3,37.766326904296875,-0.8232733543882773,61.477672342820654,45.33902432445145,-7.80288,ARP41   ,False,False,False,6772.0,22.86,76.2,1656318260.152,1656318260.152
1656318500,3571d1,37.78215408325195,-0.803419072577294,61.477672342820654,45.33902432445145,-4.22656,ARP41   ,True,False,False,52.0,701.0400000000001,586.74,1656318408.719,1656318408.719
1656318510,3571d1,37.78215408325195,-0.803419072577294,61.477672342820654,45.33902432445145,-4.22656,ARP41   ,True,False,False,7000.0,11269.98,11925.3,1656318408.719,1656318408.719
1656318510,3571d3,37.766326904296875,-0.8232733543882773,61.477672342820654,45.33902432445145,-7.80288,ARP41   ,False,False,False,20.0,22.86,76.2,1656318260.152,1656318260.152
1656318520,3571d3,37.766326904296875,-0.8232733543882773,61.477672342820654,45.33902432445145,-7.80288,ARP41   ,False,False,False,1701.0,22.86,76.2,1656318260.152,1656318260.152
1656318520,3571d1,37.78215408325195,-0.803419072577294,61.477672342820654,45.33902432445145,-4.22656,ARP41   ,True,False,False,3364.0,10668.0,10744.2,1656318408.719,1656318408.719
1656318520,3c666b,50.0462742175086,8.571989729597762,61.477672342820654,45.33902432445145,-4.22656,ARP41   ,True,False,False,2514.0,91.44,10744.2,1656318467.065,1656318517.477
1656318530,3571d3,37.766326904296875,-0.8232733543882773,61.477672342820654,45.33902432445145,-7.80288,ARP41   ,False,False,False,4044.0,22.86,76.2,1656318260.152,1656318260.152
1656318530,3571d1,37.78215408325195,-0.803419072577294,61.477672342820654,45.33902432445145,-4.22656,ARP41   ,True,False,False,5212.0,11277.6,11567.16,1656318408.719,1656318408.719
1656318540,3571d1,37.78215408325195,-0.803419072577294,61.477672342820654,45.33902432445145,-4.22656,ARP41   ,True,False,False,6307.0,11277.6,11391.9,1656318408.719,1656318408.719
1656318540,3571d3,37.766326904296875,-0.8232733543882773,61.477672342820654,45.33902432445145,-7.80288,ARP41   ,False,False,False,4611.0,22.86,76.2,1656318260.152,1656318260.152
1656318550,3571d3,37.766326904296875,-0.8232733543882773,61.477672342820654,45.33902432445145,-7.80288,ARP41   ,False,False,False,4637.0,22.86,76.2,1656318260.152,1656318260.152
1656318550,3571d1,37.78215408325195,-0.803419072577294,61.477672342820654,45.33902432445145,-4.22656,ARP41   ,True,False,False,3305.0,6400.8,6751.320000000001,1656318408.719,1656318408.719
1656318560,3571d3,37.766326904296875,-0.8232733543882773,61.477672342820654,45.33902432445145,-7.80288,ARP41   ,False,False,False,7034.0,22.86,76.2,1656318260.152,1656318260.152
1656318560,3571d1,37.78215408325195,-0.803419072577294,61.477672342820654,45.33902432445145,-4.22656,ARP41   ,True,False,False,6344.0,10972.8,11125.2,1656318408.719,1656318408.719
1656318570,3571d1,37.78215408325195,-0.803419072577294,61.477672342820654,45.33902432445145,-4.22656,ARP41   ,True,False,False,7645.0,10370.82,10408.92,1656318408.719,1656318408.719
1656318580,3571d1,37.78215408325195,-0.803419072577294,61.477672342820654,45.33902432445145,-4.22656,ARP41   ,True,False,False,2446.0,10972.8,11384.28,1656318408.719,1656318408.719
1656318590,3571d1,37.78215408325195,-0.803419072577294,61.477672342820654,45.33902432445145,-4.22656,ARP41   ,True,False,False,232.0,11582.4,11719.56,1656318408.719,1656318408.719
1656318600,3571d1,37.78215408325195,-0.803419072577294,61.477672342820654,45.33902432445145,-4.22656,ARP41   ,True,False,False,2137.0,5638.8,5928.360000000001,1656318408.719,1656318408.719
1656318610,3571d1,37.78215408325195,-0.803419072577294,61.477672342820654,45.33902432445145,-4.22656,ARP41   ,True,False,False,4642.0,8572.5,8945.880000000001,1656318408.719,1656318408.719
1656318620,3571d1,37.78215408325195,-0.803419072577294,61.477672342820654,45.33902432445145,-4.22656,ARP41   ,True,False,False,3265.0,8641.08,9029.7,1656318408.719,1656318408.719
1656318630,3571d1,37.78215408325195,-0.803419072577294,61.477672342820654,45.33902432445145,-4.22656,ARP41   ,True,False,False,2731.0,10104.12,10287.0,1656318408.719,1656318408.719
1656318640,3571d1,37.78215408325195,-0.803419072577294,61.477672342820654,45.33902432445145,-4.22656,ARP41   ,True,False,False,1555.0,9585.96,9989.820000000002,1656318408.719,1656318408.719
1656318650,3571d1,37.78215408325195,-0.803419072577294,61.477672342820654,45.33902432445145,-4.22656,ARP41   ,True,False,False,7241.0,10988.04,11513.820000000002,1656318408.719,1656318408.719
1656318660,3571d1,37.78215408325195,-0.803419072577294,61.477672342820654,45.33902432445145,-4.22656,ARP41   ,True,False,False,7625.0,10241.28,10287.0,1656318408.719,1656318408.719
1656318670,3571d1,37.78215408325195,-0.803419072577294,61.477672342820654,45.33902432445145,-4.22656,ARP41   ,True,False,False,4473.0,9730.74,9730.74,1656318408.719,1656318408.719
1656318670,4a7c26,45.42696762084961,25.485109601702007,61.477672342820654,45.33902432445145,-4.22656,ARP41   ,True,False,False,4473.0,9730.74,9730.74,1656318669.681,1656318669.681
1656318680,3571d1,37.78215408325195,-0.803419072577294,61.477672342820654,45.33902432445145,-4.22656,ARP41   ,True,False,False,5527.0,10972.8,11544.3,1656318408.719,1656318408.719
1656318690,3571d1,37.78215408325195,-0.803419072577294,61.477672342820654,45.33902432445145,-4.22656,ARP41   ,True,False,False,3133.0,4000.5,4168.14,1656318408.719,1656318408.719
1656318700,3571d1,37.78215408325195,-0.803419072577294,61.477672342820654,45.33902432445145,-4.22656,ARP41   ,True,False,False,1000.0,45.72,10683.240000000002,1656318408.719,1656318408.719
